Case,Place,Date,Year,Summary,Fatalities,Injured,Total,Venue,Type of weapons,Weapons,latitude,longitude,Sources
Tennesse Waffle House shooting ,Tennesse,4/22/18,2018,"29-year-old Travis Reinking of Morton, Illinois, has been identified in a shooting at a Waffle House near Nashville, Tennessee that killed four people and injured two others.",4,2,6,Other,semiautomatic rifle,Yes,36.052192,-86.616982,http://abc7chicago.com/search-continues-for-ill-man-suspected-in-tenn-waffle-house-shooting/3381353/
Pennsylvania carwash shooting, Pennsylvania,1/28/18,2018,"Timothy O'Brien Smith, 28, wearing body armor and well-stocked with ammo, opened fire at a carwash early in the morning in this rural community, killing four people. A fifth victim, though not shot, suffered minor injuries. One of the deceased victims, 25-year-old Chelsie Cline, had been romantically involved with Smith and had broken off the relationship recently, according to her sister. Smith shot himself in the head and died later that night at the hospital.",4,1,5,Other,semiautomatic rifle and semiautomatic handgun,Unknown,40.0519542,-79.38917699,http://www.independent.co.uk/news/i-dont-plan-to-live-much-longer-just-long-enough-to-kill-the-people-that-greedily-sought-my-destruction-1109610.html; http://articles.cnn.com/1999-07-30/us/9907_30_atlanta.shooting.06_1_gladys-barton-debra-spivey-barton-note?_s=PM:US; http://www.vpc.org/studies/wgun990729.htm
Stoneman Douglas High School shooting, Florida,2/14/18,2018,"Nikolas J. Cruz, 19, heavily armed with an AR-15, tactical gear, and countless magazines of ammo, according to the Broward County Sheriff, attacked the high school as classes were ending for the day, killing at least 17 people and injuring many others. He was apprehended by authorities shortly after fleeing the campus.",17,14,31,School,semiautomatic rifle,Yes,26.304503,-80.2694569,http://www.sacbee.com/news/local/crime/article2603350.html; http://www.csmonitor.com/USA/2014/0223/Alturas-tribal-shooting-Was-embezzlement-eviction-behind-family-revenge-video; http://www.cbsnews.com/news/4-dead-2-injured-at-american-indian-tribal-office-in-northern-california/; http://nativenewsonline.net/currents/former-tribal-chairperson-custody-mass-murder-cedarville-rancheria-tribal-headquarters/
Yountville veterans home shooting, California,3/9/18,2018,"Army veteran Albert Cheung Wong, 36, stormed a veterans home where he was previously under care, exchanging gunfire with a sheriffes deputy and taking three women hostage, one of whom he previously threatened. After a standoff with law enforcement, he killed the three women and himself.",3,0,3,Workplace,semiautomatic rifle; shotgun,Yes,38.392496,-122.366528,http://www.nytimes.com/1982/08/21/us/gunman-in-miami-kills-8-in-rampage.html; http://www.nytimes.com/1982/08/24/us/no-charges-planned-against-miami-man-who-shot-gunman.html; http://www.nytimes.com/1982/10/14/us/florida-city-rescinds-law-on-buying-guns.html
Texas First Baptist Church massacre, Texas,11/5/17,2017,"Devin Patrick Kelley, a 26-year-old ex-US Air Force airman, opened fire at the First Baptist Church in Sutherland Springs during Sunday morning services, killing at least 26 people and wounding and injuring 20 others. He left the church and fled in his vehicle after engaging in a gunfight with a local citizen; he soon crashed his vehicle and died from a self-inflicted gunshot wound.",26,20,46,Religious,semiautomatic rifle,Unknown,32.7801052,-96.8000082,http://www.vpc.org/studies/wgun970915.htm; http://chronicle.augusta.com/stories/1997/09/18/met_214833.shtml
Rancho Tehama shooting spree, California,11/14/17,2017,"Kevin Janson Neal, 44, went on an approximately 45-minute shooting spree in the rural community of Rancho Tehama Reserve in Northern California, including shooting up an elementary school, before being killed by law enforcement officers. Neal had also killed his wife at home.",5,10,15,Other,semiautomatic rifles,No,40.000684,-122.4580469,http://www.wpxi.com/news/top-stories/family-members-small-community-in-shock-after-4-killed-in-shooting/690497960; http://www.wpxi.com/news/top-stories/suspect-in-mass-shooting-at-car-wash-pronounced-dead/691578228
San Francisco UPS shooting, California,6/14/17,2017,"Jimmy Lam, 38, fatally shot three coworkers and wounded two others inside a UPS facility in San Francisco. Lam killed himself as law enforcement officers responded to the scene.",3,2,5,Workplace,two handguns,No,37.7652275,-122.4082002,https://www.nbcnews.com/news/us-news/california-mass-shooter-killed-wife-buried-her-beneath-floor-n821051; https://www.npr.org/sections/thetwo-way/2017/11/15/564335359/in-harm-s-way-school-staff-saved-students-during-tehama-county-shooting; https://twitter.com/anblanx/status/930862796123729920
Edgewood businees park shooting, Maryland,10/18/17,2017,"Radee Labeeb Prince, 37, fatally shot three people and wounded two others around 9am at Advance Granite Solutions, a home remodeling business where he worked near Baltimore. Hours later he shot and wounded a sixth person at a car dealership in Wilmington, Delaware. He was apprehended that evening following a manhunt by authorities.",3,3,6,Workplace,handgun,No,39.437736,-76.275528,http://www.wral.com/news/local/story/9845639/; http://www.wral.com/news/local/story/4837676/
Florida awning manufacturer shooting, Florida,6/5/17,2017,"John Robert Neumann, Jr., 45, a former employee of manufacturer Fiamma Inc. fatally shot five workers at the company, and then killed himself on the scene. He'd been fired from the company in April. The attack took place a week before the one-year anniversary of the Orlando nightclub massacre.",5,0,5,Workplace,semiautomatic handgun,Unknown,28.5798095,-81.2941343,http://www.cnn.com/2014/04/02/us/fort-hood-shooting/ and https://www.washingtonpost.com/news/checkpoint/wp/2015/01/23/army-details-the-downward-spiral-of-the-fort-hood-shooter-ivan-lopez/ and http://www.thedailybeast.com/articles/2014/04/03/soldier-opens-fire-at-fort-hood.html
Rural Ohio nursing home shooting, Ohio,5/12/17,2017,"Thomas Hartless, 43, shot and killed a former girlfriend and another employee of a nursing home, and then fatally shot the Kirkersville police chief responding to the scene. Hartless' former girlfriend had recently obtained a court protection order against Hartless. Investigators later found more than 60 firearms in the home of Hartless, who was also found dead at the scene of the attack.",3,0,3,Workplace,"handgun, shotgun",Unknown,38.874981,-76.99453,http://articles.chicagotribune.com/2001-02-07/news/0102070122_1_navistar-gun-law-hunting-rifle; http://www.vpc.org/studies/wgun010205.htm
Pennsylvania supermarket shooting, Pennsylvania,6/7/17,2017,"Randy Stair, a 24-year-old worker at Weis grocery fatally shot three of his fellow employees. He reportedly fired 59 rounds with a pair of shotguns before turning the gun on himself as another co-worker fled the scene for help and law enforcement responded.",3,0,3,Workplace,shotguns,Unknown,35.047157,-85.311819,"http://www.sptimes.com/News/123000/news_pf/TampaBay/A_year_later__the_str.shtml; http://www.vpc.org/studies/wgun991230.htm; http://news.google.com/newspapers?id=CSUdAAAAIBAJ&sjid=ZaYEAAAAIBAJ&pg=2043,2634069&dq=silvio+leyva+shooting&hl=en"
Fresno downtown shooting, California,4/18/17,2017,"Kori Ali Muhammad, 39, opened fire along a street in downtown Fresno, killing three people randomly in an alleged hate crime prior to being apprehended by police. Muhammad, who is black, killed three white victims and later described his attack as being racially motivated; he also reportedly yelled 'Allahu Akbar' at the time he was arrested, but authorities indicated they found no links to Islamist terrorism.",3,0,3,Other,handgun,Unknown,36.7468422,-119.7725868,http://www.nbcbayarea.com/news/local/Active-Shooter-San-Francisco-Police-428441423.html; https://apnews.com/2c1690393510447995018b0f9467b44c?utm_campaign=SocialFlow&utm_source=Twitter&utm_medium=AP; http://www.sfchronicle.com/bayarea/article/Police-swarm-UPS-building-in-SF-on-report-of-11219519.php; https://www.pressroom.ups.com/pressroom/ContentDetailsViewer.page?ConceptType=PressReleases&id=1497461182413-836; http://www.foxnews.com/us/2017/06/15/san-francisco-ups-facility-shooting-gunman-identified-as-police-seek-motive.html; http://www.sfgate.com/crime/article/UPS-shooter-in-San-Francisco-used-stolen-gun-with-11243414.php
Walmart shooting in suburban Denver, Colorado,11/1/17,2017,"Scott Allen Ostrem, 47, walked into a Walmart in a suburb north of Denver and fatally shot two men and a woman, then left the store and drove away. After an all-night manhunt, Ostrem, who had financial problems but no serious criminal history, was captured by police after being spotted near his apartment in Denver.",3,0,3,Other,semiautomatic handgun,Unknown,43.0605671,-88.1064787,http://www.nytimes.com/2016/02/22/us/kalamazoo-michigan-random-shootings.html; http://www.mlive.com/news/kalamazoo/index.ssf/2016/02/4_things_we_know_about_kalamaz.html; http://www.mlive.com/news/kalamazoo/index.ssf/2016/02/prosecutor_mass_shooting_suspe.html#incart_river_index
Las Vegas Strip massacre, Nevada,10/1/17,2017,"Stephen Craig Paddock, 64, rained a barrage of rapid gunfire down on thousands of concertgoers on the Las Vegas Strip late on a Sunday night, firing from a corner suite on the 32nd floor of the Mandalay Bay Resort and Casino. Soon thereafter, he was found by law enforcement inside the hotel room, deceased from a self-inflicted gunshot wound.",58,546,604,Other,"23 firearms, mostly rifles; including scopes, and two modified for ""fully automatic"" firing; two were mounted on tripods",Yes,36.181271,-115.134132,https://www.usatoday.com/story/news/nation/2017/10/02/las-vegas-strip-shooting-what-we-know/722226001/
Fort Lauderdale airport shooting, Florida,1/6/17,2017,"Esteban Santiago, 26, flew from Alaska to Fort Lauderdale, where he opened fire in the baggage claim area of the airport, killing five and wounding six before police aprehended him. ",5,6,23,Airport,"semiautomatic handgun",Yes,26.0742344,-80.1506022,http://www.sbsheriff.us/documents/ISLAVISTAINVESTIGATIVESUMMARY.pdf Also: http://www.cnn.com/2014/05/24/us/santa-barbara-isla-vista-shooting-profile/ and http://www.cnn.com/2014/05/24/justice/california-shooting-deaths/index.html and http://www.independent.com/news/2015/feb/20/elliot-rodger-report-details-long-struggle-mental-/ and http://www.cbsnews.com/videos/how-was-elliot-rodger-able-to-purchase-weapons/ and http://www.dailymail.co.uk/news/article-2638922/Santa-Barbara-rampage-killer-bought-three-handguns-legally-gun-shop.html
Cascade Mall shooting, Washington,9/23/16,2016,"Arcan Cetin, 20, killed a teen girl and three women in the cosmetics section of a Macy_Ê_s department store at the Cascade Mall. A man was critically wounded in the shooting and taken to Harborview Medical Center in Seattle, where he died. Cetin was apprehended by police a few hours after the shooting while driving a car near his residence. ",5,0,5,Other,Rifle,Unknown,48.050824,-122.176918,http://www.nytimes.com/1991/10/18/us/portrait-of-texas-killer-impatient-and-troubled.html?pagewanted=all&src=pm; http://www.kwtx.com/home/headlines/7048182.html; http://www.nytimes.com/1991/10/20/weekinreview/dead-23-texans-and-1-anti-gun-measure.html; http://www.vpc.org/studies/wgun911016.htm
Baton Rouge police shooting, Lousiana ,7/17/16,2016,"Gavin Long, a former Marine who served in Iraq, killed three police offers responding to a 911 call, and wounded three others. He was killed in a shoot-out with other officers responding to the scene. Prior to the attack, Long posted prolifically on social media, where he expressed admiration for the cop killer in Dallas 10 days prior.",3,3,6,Other,Two semiautomatic rifles; one semiautomatic handgun,Unknown,30.4582829,-91.1403196,http://seattletimes.com/html/localnews/2010385617_webmansought29.html; http://www.nytimes.com/2009/11/30/us/30tacoma.html?_r=1; http://seattletimes.com/html/localnews/2014155225_clemmons08m.html
Orlando nightclub massacre, Florida,6/12/16,2016,"Omar Mateen, 29, attacked the Pulse nighclub in Orlando in the early morning hours of June 12. He was killed by law enforcement who raided the club after a prolonged standoff.",49,53,102,Other,"Semiautomatic rifle, semiautomatic handgun",Yes,28.5383355,-81.3792365,http://www.tampabay.com/news/publicsafety/choice-chance-life-and-death-in-the-mass-shooting-at-orlandos-pulse/2282371
Kalamazoo shooting spree, Michigan,2/20/16,2016,"Jason B. Dalton, a driver for Uber, apparently selected his victims randomly as he went on a rampage over several hours in three different locations, including five people he shot in the parking lot of a Cracker Barrel restaurant. He was ""arrested without incident"" at a downtown Kalamazoo bar about six hours after the rampage began.",6,2,8,Other,Semiautomatic handgun,Yes,42.2917069,-85.5872286,http://www.nytimes.com/2009/04/12/nyregion/12binghamton.html?pagewanted=all&_r=0; http://www.nytimes.com/2009/04/04/nyregion/04hostage.html?pagewanted=all
Dallas police shooting, Texas,7/7/16,2016,"Micah Xavier Johnson, a 25-year-old Army veteran, targeted police at a peaceful Black Lives Matter protest, killing five officers and injuring nine others as well as two civilians. After a prolonged standoff in a downtown building, law enforcement killed Johnson using a robot-delivered bomb.",5,11,16,Other,"Semiautomatic rifle, semiautomatic handguns",Yes,32.7790911,-96.8002704,http://www.nytimes.com/1996/02/11/us/florida-killer-said-victims-were-racists-police-say.html; http://articles.sun-sentinel.com/1996-02-10/news/9602090635_1_million-firearms-multiple-guns-reloading
Excel Industries mass shooting, Kansas,2/25/16,2016,"Cedric L. Ford, who worked as a painter at a manufacturing company, shot victims from his car and at his workplace before being killed by police at the scene. Shortly before the rampage he had been served with a restraining order.",3,14,17,Workplace,"Semiautomatic rifle, semiautomatic handgun",Yes,38.1383437,-97.4314267,http://laist.com/2011/10/13/seal_beach_shooter_suffered_from_ptsd.php; http://blogs.ocweekly.com/navelgazing/2011/10/hair_salon_seal_beach_shooting.php; http://latimesblogs.latimes.com/lanow/2011/10/seal-beach-shooting-suspect-had-been-ordered-not-to-carry-guns-.html
San Bernardino mass shooting, California,12/2/15,2015,"Syed Rizwan Farook left a Christmas party held at Inland Regional Center, later returning with Tashfeen Malik and the two opened fire, killing 14 and wounding 21, ten critically. The two were later killed by police as they fled in an SUV.",14,21,35,"Workplace","Two assault rifles and two semi-automatic pistols were used in the attack. Police found a remote controlled explosive device at the scene of the crime. At the home were 12 pipe bombs, 2,500 rounds for the AR-15 variants, 2,000 rounds for the pistols, and several hundred for a .22 calibre rifle. In the suspects' car were an additional 1,400 rounds for the rifles and 200 for the handguns.",Yes,34.1083449,-117.2897652,http://www.latimes.com/local/california/la-me-san-bernardino-shooting-terror-investigation-htmlstory.html
Planned Parenthood clinic, Colorado,11/27/15,2015,"Robert Lewis Dear, 57, shot and killed a police officer and two citizens when he opened fire at a Planned Parenthood health clinic in Colorado Springs, Colorado. Nine others were wounded. Dear was arrested after an hours-long standoff with police.",3,9,12,Workplace,Long gun,Unknown,38.8338816,-104.8213634,http://www.motherjones.com/politics/2016/06/assault-rifle-used-by-orlando-mass-shooter; http://wrbl.com/2016/06/13/orlando-police-make-statement-on-mass-shooting/; http://www.slate.com/articles/news_and_politics/crime/2016/06/the_ar_15_and_other_assault_rifles_are_bad_high_capacity_magazines_are_worse.html
Umpqua Community College shooting, Oregon,10/1/15,2015, 26-year-old Chris Harper Mercer opened fire at Umpqua Community College in southwest Oregon. The gunman shot himself to death after being wounded in a shootout with police.,9,9,18,School,"Five pistols, one rifle, five magazines of ammunition",Yes,43.216505,-123.3417381,http://www.usatoday.com/news/nation/2009-04-13-columbine-myths_N.htm; http://www.vpc.org/studies/wgun990420.htm; http://www.slate.com/articles/news_and_politics/assessment/2004/04/the_depressive_and_the_psychopath.html
Charleston Church Shooting, South Carolina,6/17/15,2015,"Dylann Storm Roof, 21, shot and killed 9 people after opening fire at the Emanuel AME Church in Charleston, South Carolina. According to a roommate, he had allegedly been planning something like that for six months.""",9,1,10,Religious,Handgun,Yes,32.7764749,-79.9310512,http://www.vpc.org/studies/wgun980324.htm
Colorado Springs shooting rampage, Colorado,10/31/15,2015,"Noah Harpham, 33, shot three people before dead in Colorado Springs before police killed him in a shootout.",3,0,3,Other,Two handguns and a rifle,Yes,38.8338816,-104.8213634,http://www.nytimes.com/2015/10/03/us/chris-harper-mercer-umpqua-community-college-shooting.html; http://www.latimes.com/nation/nationnow/la-na-nn-chris-harper-mercer-oregon-shooting-20151002-htmlstory.html; http://www.huffingtonpost.com/entry/ian-mercer-father-guns_56116d7ae4b0af3706e12525; http://wate.com/2015/10/02/what-we-know-about-umpqua-community-college-shooter-2/; http://www.cnn.com/2015/10/02/us/oregon-umpqua-community-college-shooting/ 
Trestle Trail bridge shooting, Wisconsin,6/11/15,2015,"Sergio Valencia del Toro, 27, in what officials say was a random act, shot and killed three people including an 11-year-old girl before turning the gun on himself.",3,1,4,Other,"Two handguns",Yes,44.2022084,-88.4464973,http://articles.latimes.com/1987-04-25/news/mn-990_1_palm-bay-police
Chattanooga military recruitment center, Tennessee,7/16/15,2015,"Kuwaiti-born Mohammod Youssuf Abdulazeez, 24, a naturalized US citizen, opened fire at a Naval reserve center, and then drove to a military recruitment office where he shot and killed four Marines and a Navy service member, and wounded a police officer and another military service member. He was then fatally shot in an exchange of gunfire with law enforcement officers responding to the attack.",5,2,7,Military,"2 assault rifles; semiautomatic handgun","Yes (""some of the weapons were purchased legally and some of them may not have been"")",35.0456297,-85.3096801,"http://articles.latimes.com/1997/dec/20/news/mn-431; http://articles.latimes.com/1997/dec/22/local/me-1156; http://www.vpc.org/studies/wgun971218.htm; http://news.google.com/newspapers?id=DitZAAAAIBAJ&sjid=LEcNAAAAIBAJ&pg=6705,2243998&dq=arturo+reyes+torres+caltrans&hl=en"
Fort Hood shooting 2, Texas,4/3/14,2014,"Army Specialist Ivan Lopez, 34, opened fire at the Fort Hood Army Post in Texas, killing three and wounding at least 12 others before shooting himself in the head after engaging with military police. Lt. Gen. Mark A. Milley told reporters that Lopez ""had behavioral health and mental health"" issues.",3,12,15,Military,"handgun",Yes,31.1950013,-97.7413143,http://web.caller.com/2000/april/03/today/local_ne/4127.html
Marysville-Pilchuck High School shooting, Washington,10/24/14,2014,"Jaylen Fryberg, 15, using a .40-caliber Berretta, shot five students at Marysville High School, including two of his cousins and three friends, killing all but one. Fryberg arranged to meet them for lunch in the school cafeteria by text. Fryberg was reportedly well-liked at the school and there was not believed to be any ill-will between him and his victims. He committed suicide at the scene.",5,1,6,School,Handgun,No,48.0517637,-122.1770818,http://www.nytimes.com/1991/11/03/us/gunman-in-iowa-wrote-of-plans-in-five-letters.html?pagewanted=all&src=pm; http://thegazette.com/2011/11/01/gang-lu-shootings-at-ui-remembered-20-years-later/; http://www.nytimes.com/1991/11/04/us/iowa-gunman-was-torn-by-academic-challenge.html?pagewanted=2&src=pm
Alturas tribal shooting, California,2/20/14,2014,"Cherie Lash Rhoades, 44, opened fire at the Cedarville Rancheria Tribal Office and Community Center, killing four and wounding two. After running out of ammunition, Rhoades grabbed a butcher knife and stabbed another person.",4,2,6,Other,Two handguns and a butcher knife,Unknown,41.4871146,-120.5424555,https://www.nytimes.com/2017/10/02/us/stephen-paddock-vegas-shooter.html; https://www.wsj.com/articles/las-vegas-suspect-likely-used-automatic-rifle-in-massacre-1506966716; https://www.usatoday.com/story/news/nation/2017/10/02/las-vegas-shooting/722191001/; https://www.usatoday.com/story/news/nation/2017/10/02/las-vegas-shooting/722191001/; http://www.latimes.com/nation/la-las-vegas-shooting-live-updates-paddock-had-19-rifles-in-room-1506985512-htmlstory.html; https://www.nytimes.com/2017/10/02/us/stephen-paddock-vegas-shooter.html; https://www.usatoday.com/story/news/nation/2017/10/06/here-all-victims-las-vegas-shooting/733236001/; https://www.reviewjournal.com/crime/shootings/last-of-local-hospitals-patients-in-las-vegas-shooting-released/
Isla Vista mass murder, California,5/23/14,2014,"Elliot Rodger, 22, shot three people to death in the college town of Isla Vista near the University of California, Santa Barbara. He also shot others as he drove around town, and injured others by striking them with is vehicle. He committed suicide by shooting himself in his car as police closed in. Prior to the rampage, Rodger stabbed three people to death at his apartment.",6,13,19,School,Three semi-automatic handguns and two hunting knives,Yes,34.4208305,-119.6981901,https://www.washingtonpost.com/news/morning-mix/wp/2017/11/06/who-is-devin-patrick-kelley-gunman-who-officials-say-killed-churchgoers-in-sutherland-springs/; https://www.washingtonpost.com/news/post-nation/wp/2017/11/06/investigators-hunt-for-motive-in-texas-church-shooting-as-the-grieving-spans-generations/; https://www.washingtonpost.com/news/morning-mix/wp/2017/11/06/an-unlikely-hero-describes-gun-battle-and-95-mph-chase-with-texas-shooting-suspect/; http://www.cnn.com/2017/11/06/us/texas-church-shooting/index.html; https://www.usnews.com/news/top-news/articles/2017-11-06/church-shooter-killed-himself-after-vehicle-chase-sheriff-tells-cbs
Washington Navy Yard shooting, D.C.,9/16/13,2013,"Aaron Alexis, 34, a military veteran and contractor from Texas, opened fire in the Navy installation, killing 12 people and wounding 8 before being shot dead by police.",12,8,20,Military,"Sawed-off shotgun, 2 boxes of shells; also a .45-caliber handgun taken from a security guard he shot at the scene.",Yes,38.9071923,-77.0368707,http://www.seattletimes.com/seattle-news/fourth-marysville-shooting-victim-dies-as-another-is-laid-to-rest/ http://www.mercurynews.com/crime-courts/ci_26814211/jaylen-fryberg-included-tributes-washington-school-shooting-victims
Hialeah apartment shooting, Florida,7/26/13,2013,"Pedro Vargas, 42, set fire to his apartment, killed six people in the complex, and held another two hostages at gunpoint before a SWAT team stormed the building and fatally shot him.",7,0,7,"Other",9mm semi-automatic handgun,Yes,25.8575963,-80.2781057,http://www.cbsnews.com/8301-504083_162-57589327-504083/john-zawahri-suspected-gunman-in-deadly-santa-monica-shooting-left-farewell-note-police-say/
Mohawk Valley shootings, New York,3/13/13,2013,"Kurt Myers, 64, shot six people in neighboring towns, killing two in a barbershop and two at a car care business, before being killed by officers in a shootout after a nearly 19-hour standoff.",5,2,7,Other,Shotgun,Yes,43.1630587,-74.8741045,http://www.msnbc.msn.com/id/11167920/ns/us_news-crime_and_courts/t/postal-killer-believed-she-was-target-plot/#.UIxy7kzLwTE; http://www.cbsnews.com/stories/2006/02/02/national/main1272077.shtml; 
Pinewood Village Apartment shooting, Washington,4/21/13,2013,"Dennis Clark III, 27, shot and killed his girlfriend in their shared apartment, and then shot two witnesses in the building's parking lot and a third victim in another apartment, before being killed by police.",5,0,5,"Other","Semiautomatic handgun, shotgun",Yes,47.3223221,-122.3126222,http://www.nytimes.com/1991/11/15/us/ex-postal-worker-kills-3-and-wounds-6-in-michigan.html; http://www.mlive.com/news/detroit/index.ssf/2011/11/monday_ceremony_marks_20_years.html
Santa Monica rampage, California,6/7/13,2013,"John Zawahri, 23, armed with a homemade assault rifle and high-capacity magazines, killed his brother and father at home and then headed to Santa Monica College, where he was eventually killed by police.",6,3,9,"Other","Assault rifle, high capacity magazines, antique handgun",Yes ,34.0194543,-118.4911912,https://www.nytimes.com/2017/11/01/us/thornton-colorado-walmart-shooting.html; http://www.cnn.com/2017/11/01/us/colorado-walmart-shooting/index.html; http://www.thedenverchannel.com/news/crime/colorado-walmart-shooting-suspect-scott-ostrem-had-run-ins-with-police-financial-troubles; http://www.ibtimes.com/who-scott-ostrem-manhunt-underway-colorado-walmart-shooting-suspect-2609562
Sandy Hook Elementary massacre, Connecticut,12/14/12,2012,"Adam Lanza, 20, shot his mother dead at their home then drove to Sandy Hook Elementary school. He forced his way inside and opened fire, killing 20 children and six adults before committing suicide.",27,2,29,School,"Two semiautomatic handguns, one rifle (assault), one shotgun (assault)",No,41.4141172,-73.3035651,http://fox6now.com/2015/06/11/released-menasha-police-issue-final-report-on-trestle-trail-bridge-shooting/ and http://www.postcrescent.com/story/news/local/2015/06/11/police-gunman-prior-suicidal-homicidal-thoughts/71064874/ and http://fox6now.com/2015/05/05/he-was-my-future-husband-fiancee-of-menasha-gunman-says-shes-devastated-for-victims-families/ 
Aurora theater shooting, Colorado,7/20/12,2012,"James Holmes, 24, opened fire in a movie theater during the opening night of ""The Dark Night Rises"" and was later arrested outside.",12,70,82,Other,"Two semiautomatic handguns, one rifle (assault), one shotgun",Yes,39.7294319,-104.8319195,http://www.motherjones.com/mojo/2015/12/san-bernardino-shooting and  http://www.cnbc.com/2015/12/03/san-bernardino-shooting-suspects-rizwan-farook-tashfeen-malik-dead.html and http://www.nytimes.com/2015/12/04/us/san-bernardino-shooting.html and http://www.nytimes.com/2015/12/04/us/weapons-in-san-bernardino-shootings-were-legally-obtained.html?_r=0
Oikos University killings, California,4/2/12,2012,"One L. Goh, 43, a former student, opened fire in a nursing classroom. He fled the scene by car and was arrested nearby a few hours later.",7,3,10,School,One semiautomatic handgun,Yes,37.8043637,-122.2711137,http://www.pressconnects.com/story/news/local/pennsylvania/2017/06/08/dead-murder-suicide-pa-weis/102621742/; https://www.washingtonpost.com/news/morning-mix/wp/2017/06/09/killer-in-supermarket-shooting-posted-chilling-videos-online-lauding-columbine-massacre/?utm_term=.4cf2327eb879; https://www.cbsnews.com/news/weiss-supermarket-shooting-spree-randy-stair-spared-coworker/
Accent Signage Systems shooting, Minnesota,9/27/12,2012,"Andrew Engeldinger, 36, upon learning he was being fired, went on a shooting rampage, killing the business owner, three fellow employees, and a UPS driver. He then killed himself.",7,1,8,Workplace,One semiautomatic handgun,Yes,44.977753,-93.2650108,"http://www.foxnews.com/story/0,2933,371242,00.html; http://www.msnbc.msn.com/id/25393695/ns/us_news-crime_and_courts/t/witnesses-describe-chaotic-scene-ky-plant/#.UFEbHhhgspQ"
Sikh temple shooting, Wisconsin,8/5/12,2012,"U.S. Army veteran Wade Michael Page, 40, opened fire in a Sikh gurdwara before he died from a self-inflicted gunshot would during a shootout with police.",7,3,10,Religious,One semiautomatic handgun,Yes,42.8858503,-87.8631362,"http://news.google.com/newspapers?id=dm8aAAAAIBAJ&sjid=pyoEAAAAIBAJ&pg=2297,4870051&dq=patrick+sherrill&hl=en"
Seattle cafe shooting, Washington,5/20/12,2012,"Ian Stawicki, 40, gunned down four patrons at a cafe, and another person during a carjacking nearby, then shot himself as police closed in. (He died later that day in a Seattle hospital.)",6,1,7,Other,Two semiautomatic handguns,Yes,47.671466,-122.317143,http://www.nytimes.com/1990/06/19/us/florida-gunman-kills-8-and-wounds-6-in-office.html; http://www.nytimes.com/1990/06/20/us/hazy-records-helped-florida-gunman-buy-arms.html; http://www.vpc.org/studies/wgun900618.htm; http://www.nytimes.com/1990/06/19/us/florida-gunman-kills-8-and-wounds-6-in-office.html?pagewanted=all&src=pm
Su Jung Health Sauna shooting, Georgia,2/22/12,2012,"Jeong Soo Paek, 59, returned to a Korean spa from which he'd been kicked out after an altercation. He gunned down two of his sisters and their husbands before committing suicide.",5,0,5,Other,One semiautomatic handgun,Yes,33.9412127,-84.2135309,http://www.cbsnews.com/8301-201_162-57497820/james-holmes-saw-three-mental-health-professionals-before-shooting/; http://www.9news.com/news/article/283503/188/Aurora-shooting-prompts-gun-bills-in-big-states-; http://www.nytimes.com/2012/07/21/us/shooting-at-colorado-theater-showing-batman-movie.html; http://www.motherjones.com/politics/2012/07/batman-theater-shooting-updates-dark-knight-rises
Seal Beach shooting, California,10/14/11,2011,"Scott Evans Dekraai, 42, opened fire inside a hair salon and was later arrested.",8,1,9,Other,"Two semiautomatic handguns, one revolver",Yes,33.7414085,-118.1047682,http://www.postandcourier.com/news/multiple-people-dead-following-shooting-near-orlando-monday-morning/article_918fe64c-49f6-11e7-b071-a3fbdb04ebcc.html; http://www.mcclatchydc.com/news/politics-government/national-politics/article154471839.htmlhttp://edition.cnn.com/2017/06/05/us/orlando-fatalities/; http://www.orlandosentinel.com/news/orlando-workplace-shooting/os-john-robert-neumann-shooting-suspect-20170605-story.html
Tucson shooting, Arizona,1/8/11,2011,"Jared Loughner, 22, opened fire outside a Safeway during a constituent meeting with Congresswoman Gabrielle Giffords (D-Ariz.) before he was subdued by bystanders and arrested.",6,13,19,Other,One semiautomatic handgun,Yes,32.2217429,-110.926479,https://www.cnn.com/2018/03/10/us/california-veterans-home-shooting/index.html; http://www.ktvu.com/news/gunman-in-yountville-veterans-home-killings-was-ex-patient; https://www.washingtonpost.com/news/post-nation/wp/2018/03/09/police-respond-to-reports-of-gunfire-and-hostages-taken-at-california-veterans-home/?utm_term=.b9dde7ac5f0f
IHOP shooting, Nevada,9/6/11,2011,"Eduardo Sencion, 32, opened fire at an International House of Pancakes restaurant and later died from a self-inflicted gunshot wound.",5,7,12,Other,"Two rifles (both assault), one revolver",Yes,39.1637984,-119.7674034,http://seattletimes.com/html/localnews/2002892043_shooter27m.html; http://seattletimes.com/html/localnews/2002898900_huff30m.html
Hartford Beer Distributor shooting, Connecticut,8/3/10,2010,"Omar S. Thornton, 34, shot up his Hartford Beer Distributor workplace after facing disciplinary issues, then committed suicide.",9,2,11,Workplace,Two semiautomatic handguns,Yes,41.7759301,-72.5215009,http://www.reuters.com/article/2015/07/16/us-usa-shooting-tennessee-idUSKCN0PQ1WY20150716; http://www.nytimes.com/2015/07/18/us/chattanooga-gunmans-past-scoured-for-extremist-ties.html; http://www.wsj.com/articles/chattanooga-shooting-highlights-online-gun-sales-1437435518http://www.nytimes.com/2015/07/19/us/chattanooga-attacks-claim-a-5th-military-service-members-life.html; http://www.cnn.com/2015/07/17/us/tennessee-naval-reserve-shooting/; https://twitter.com/markfollman/status/622105627473477632; http://www.nytimes.com/2015/07/21/us/chattanooga-gunman-wrote-of-suicide-and-martyrdom-official-says.html
Coffee shop police killings, Washington,11/29/09,2009,"Maurice Clemmons, 37, a felon who was out on bail for child-rape charges, entered a coffee shop on a Sunday morning and shot four police officers who had gone there to use their laptops before their shifts. Clemmons, who was wounded fleeing the scene, was later shot dead by a police officer in Seattle after a two-day manhunt.",4,1,5,Other,One semiautomatic handgun,No,47.1553769,-122.4340114,"http://www.recordnet.com/apps/pbcs.dll/article?AID=/20090118/A_NEWS/901170304; http://news.google.com/newspapers?id=N8IzAAAAIBAJ&sjid=kDIHAAAAIBAJ&pg=6930,6475926&dq=patrick+purdy&hl=en; http://www.time.com/time/magazine/article/0,9171,151105,00.html"
Binghamton shootings, New York,4/3/09,2009,"Jiverly Wong, 41, opened fire at an American Civic Association center for immigrants before committing suicide.",14,4,18,Other,Two semiautomatic handguns,Yes,42.0986867,-75.9179738,"http://news.google.com/newspapers?id=O8oyAAAAIBAJ&sjid=YSUEAAAAIBAJ&pg=6143,1260138&dq=charles+carl+roberts+mentally+ill&hl=en;http://www.msnbc.msn.com/id/15105305/ns/us_news-crime_and_courts/t/th-girl-dies-after-amish-schoolhouse-shooting/#.UFD4SxhgspQ; http://www.foxnews.com/story/0,2933,217170,00.html"
Fort Hood massacre, Texas,11/5/09,2009,"Army psychiatrist Nidal Malik Hasan, 39, opened fire on an Army base in an attack linked to Islamist extremism. Hasan was injured during the attack and later arrested.",13,30,43,Military,One semiautomatic handgun,Yes,31.1950013,-97.7413143,http://articles.latimes.com/1994-06-22/news/mn-7137_1_air-force; http://www.nytimes.com/1994/06/22/us/an-airman-s-revenge-5-minutes-of-terror.html
Carthage nursing home shooting, North Carolina,3/29/09,2009,"Robert Stewart, 45, opened fire at a nursing home where his estranged wife worked before he was shot and arrested by a police officer.",8,3,11,Other,"One revolver, one shotgun",Yes,35.3459867,-79.4169711,http://www.cbsnews.com/2100-201_162-659983.html; http://www.knac.com/article.asp?ArticleID=3417; http://www.blabbermouth.net/news.aspx?mode=Article&newsitemID=86362
Kirkwood City Council shooting, Missouri,2/7/08,2008,"Charles ""Cookie"" Lee Thornton, 52, went on a rampage at the city hall before being shot and killed by police.",6,2,8,Other,"One semiautomatic handgun, one revolver",No,38.5833862,-90.406785,"http://www.guardian.co.uk/world/2007/dec/06/usa.usgunviolence2; http://www.npr.org/templates/story/story.php?storyId=16962485; http://www.independentmail.com/news/2007/dec/08/officials-say-assault-rifles-cause-roughly-same-am/; http://www.latimes.com/news/nationworld/nation/la-na-mall7dec07,0,882178.story"
Atlantis Plastics shooting, Kentucky,6/25/08,2008,"Disgruntled employee Wesley Neal Higdon, 25, shot up an Atlantis Plastics factory after he was escorted out of his workplace for an argument with a supervisor. Higdon shot the supervisor outside the factory before opening fire on coworkers inside. He then committed suicide.",6,1,7,Workplace,One semiautomatic handgun,Yes,37.8361538,-87.5900134,"http://www.time.com/time/magazine/article/0,9171,2042358,00.html; http://www.csmonitor.com/USA/Politics/2011/0110/Why-Jared-Loughner-was-allowed-to-buy-a-gun; http://www.nytimes.com/2011/01/09/us/politics/09giffords.html?ref=jaredleeloughner"
Northern Illinois University shooting, Illinois,2/14/08,2008,"Steven Kazmierczak, 27, opened fire in a lecture hall, then shot and killed himself before police arrived.",5,21,26,School,"Three semiautomatic handguns, one shotgun",Yes,33.7942928,-84.2695252,http://www.gwinnettdailypost.com/news/2012/feb/23/police-id-4-victims-shooter-in-spa-killing/; http://www.cbsnews.com/8301-504083_162-57479989-504083/shooting-sprees-in-2012-crimesider-reports-on-some-of-the-countrys-worst-public-shootings-this-year/; http://chronicle.augusta.com/news/metro/2012-02-22/victims-korean-spa-shooting-near-atlanta-were-2-married-couples-gunman-was; http://onlineathens.com/local-news/2012-02-23/mass-shooting-spa-shocks-ga-korean-community
Westroads Mall shooting, Nebraska,12/5/07,2007,"Robert A. Hawkins, 19, opened fire inside Westroads Mall before committing suicide.",9,4,13,Other,One rifle (assault),No,41.2565369,-95.9345034,"http://www.rivernewsonline.com/main.asp?SectionID=6&SubSectionID=47&ArticleID=368; http://news.google.com/newspapers?id=O-MqAAAAIBAJ&sjid=u0UEAAAAIBAJ&pg=6724,5434155&dq=crandon+shooting&hl=en"
Trolley Square shooting, Utah,2/12/07,2007,"Sulejman Talovi_, 18, rampaged through the shopping center until he was shot dead by police.",6,4,10,Other,"One revolver, one shotgun",Unknown,40.7607793,-111.8910474,http://www.schoolshooters.info/PL/Subject-Houston_files/Nine%20Brief%20Sketches.pdf; http://www.appeal-democrat.com/news/school-47104-shooting-eckardt.html; http://nl.newsbank.com/nl-search/we/Archives?p_product=SB&p_theme=sb&p_action=search&p_maxdocs=200&p_topdoc=1&p_text_direct-0=0EB0D9D91FC593A0&p_field_direct-0=document_id&p_perpage=10&p_sort=YMD_date:D&s_trackval=GooglePM; http://www.sfgate.com/crime/article/Death-verdict-OKd-for-school-slaughter-3758444.php
Virginia Tech massacre, Virginia,4/16/07,2007,"Virginia Tech student Seung-Hui Cho, 23, opened fire on his school's campus before committing suicide.",32,23,55,School,Two semiautomatic handguns,Yes,37.2295733,-80.4139393,http://www.nytimes.com/1992/10/17/nyregion/shooting-followed-tougher-efforts-to-collect-child-support.html?pagewanted=2&src=pm; http://www.nytimes.com/1992/10/16/nyregion/gunman-kills-4-who-collected-child-payments.html?pagewanted=all&src=pm; http://www.nytimes.com/1992/10/24/nyregion/watkins-glen-killings-called-planned.html
Crandon shooting, Wisconsin,10/7/07,2007,"Off-duty sheriff's deputy Tyler Peterson, 20, opened fire inside an apartment after an argument at a homecoming party. He fled the scene and later committed suicide.",6,1,7,Other,One rifle (assault),Yes,45.5719072,-88.9028922,http://www.utsandiego.com/san-ysidro-massacre/; http://www.vpc.org/studies/wgun840718.htm
Goleta postal shootings, California,1/30/06,2006,"Former postal worker Jennifer Sanmarco, 44, shot dead a former neighbor then drove to the mail processing plant where she used to work. Inside, she opened fire, killing six employees before committing suicide.",8,0,8,Workplace,One semiautomatic handgun,Yes,34.4358294,-119.8276389,http://www.nytimes.com/2017/01/07/us/esteban-santiago-fort-lauderdale-airport-shooting-.html?_r=0
Capitol Hill massacre, Washington,3/25/06,2006,"Kyle Aaron Huff, 28, opened fire at a rave afterparty in the Capitol Hill neighborhood of Seattle before committing suicide.",7,2,9,Other,"Two semiautomatic handguns, one rifle (assault), one shotgun",Yes,47.6159003,-122.3172559,http://nl.newsbank.com/nl-search/we/Archives?p_product=LH&s_site=kentucky&p_multi=LH&p_theme=realcities&p_action=search&p_maxdocs=200&p_topdoc=1&p_text_direct-0=0EB73C025033DC82&p_field_direct-0=document_id&p_perpage=10&p_sort=YMD_date:D&s_trackval=GooglePM; http://www.nytimes.com/1989/09/16/us/disturbed-past-of-killer-of-7-is-unraveled.html?pagewanted=all&src=pm
Amish school shooting, Pennsylvania,10/2/06,2006,"Charles Carl Roberts, 32, shot 10 young girls in a one-room schoolhouse in Bart Township, killing 5, before taking his own life.",6,5,11,School,"One semiautomatic handgun, one rifle, one shotgun",Yes,40.0466571,-76.1783739,http://www.katu.com/news/local/8082147.html; http://www.pbs.org/wgbh/pages/frontline/shows/kinkel/kip/cron.html; http://www.oregonlive.com/special/index.ssf/2008/05/the_suspect_kipland_kinkels_da.html; http://articles.cnn.com/2000-01-21/us/kinkel.revisited_1_kip-kinkel-thurston-high-school-oregon-school-shooting?_s=PM:US
Red Lake massacre, Minnesota,3/21/05,2005,"Jeffrey Weise, 16, murdered his grandfather, who was a police officer, and grandfather's girlfriend. Weise then drove his grandfather's squad car to Red Lake Senior High School and opened fire on the reservation campus, killing another seven people before committing suicide.",10,5,15,School,"Two semiautomatic handguns, one shotgun",No,47.876346,-95.0169401,http://www.huffingtonpost.com/jonathan-fast/steve-kazmierczak-the-sec_b_87031.html; http://www.msnbc.msn.com/id/23171567/ns/us_news-crime_and_courts/t/college-shooters-deadly-rampage-baffles-friends/#.UFEZnhhgspQ; http://www.nytimes.com/slideshow/2008/02/14/us/0214-SHOOTING_index.html?ref=schoolshooting&gwh=B62598A5487B946A532C5846B4A85156; www.niu.edu/feb14report/Feb14report.pdf
Living Church of God shooting, Wisconsin,3/12/05,2005,"Living Church of God member Terry Michael Ratzmann, 44, opened fire at a church meeting at a Sheraton hotel before committing suicide.",7,4,11,Religious,One semiautomatic handgun,Yes,43.0605671,-88.1064787,"http://books.google.com/books?id=Hr3OBwP-lbUC&pg=PA38&lpg=PA38&dq=Abdelkrim+Belachheb+mental&source=bl&ots=D56pgdNnnl&sig=grAT08P9HLfPoHVgwlXt8RfPHz0&hl=en&; http://www.nytimes.com/1984/06/30/us/6-die-in-dallas-club-as-enraged-man-fires-wildly.html; http://news.google.com/newspapers?id=gKQyAAAAIBAJ&sjid=WO8FAAAAIBAJ&pg=1236,2915759&dq=abdelkrim+belachheb&hl=en; http://books.google.com/books?id=Hr3OBwP-lbUC&pg=PA67&lpg=PA67&dq=%22hine+pawnshop%22+gun&source=bl&ots=D55vgfTsnk&sig=zDxr5nohKnNQWvLrUFmZGYQ5ar4&hl=en&sa=X&ei=9WZSUN2FN-XZigKN-oGoCA&ved=0CDcQ6AEwAA#v=onepage&q=%22hine%20pawnshop%22%20gun&f=false"
Damageplan show shooting, Ohio,12/8/04,2004,"Nathan Gale, 25, possibly upset about the breakup of Pantera, gunned down former Pantera guitarist Dimebag Darrell and three others at a Damageplan show before a police officer fatally shot Gale.",5,7,12,Other,One semiautomatic handgun,Yes,39.9611755,-82.9987942,"http://www.time.com/time/magazine/article/0,9171,93313,00.html; http://articles.cnn.com/2002-04-22/justice/ctv.mcdermott.trial_1_michael-mcdermott-jury-deliberates-fate-mental-illness?_s=PM:LAW; http://www.nytimes.com/2000/12/27/us/7-die-in-rampage-at-company-co-worker-of-victims-arrested.html; http://www.vpc.org/studies/wgun001226.htm"
Lockheed Martin shooting, Mississippi,7/8/03,2003,"Assembly line worker Douglas Williams, 48, opened fire at his Lockheed Martin workplace in a racially motivated attack before committing suicide.",7,8,15,Workplace,"One semiautomatic handgun, two rifles, one derringer, one shotgun",Yes,32.3643098,-88.703656,http://www.deseretnews.com/article/660205647/Ex-relative-calls-Talovic-vicious-troubled.html?pg=all; http://www.cbsnews.com/stories/2007/02/15/national/main2480419.shtml; http://www.cbsnews.com/8301-201_162-2823327.html
Navistar shooting, Illinois,2/5/01,2001,"Fired employee William D. Baker, 66, opened fire at his former Navistar workplace before committing suicide.",5,4,9,Workplace,"Two rifles, one revolver, one shotgun",Yes,41.9005865,-87.8567276,http://usnews.nbcnews.com/_news/2012/12/14/15911025-authorities-id-gunman-who-killed-27-in-elementary-school-massacre?lite; http://articles.washingtonpost.com/2012-12-14/local/35846977_1_law-enforcement-lanza-brothers-kid
Wakefield massacre, Massachusetts,12/26/00,2000,"Michael McDermott, 42, opened fire on co-workers at Edgewater Technology and was later arrested.",7,0,7,Workplace,"One semiautomatic handgun, one rifle (assault), one shotgun",Yes,42.5039395,-71.0723391,http://seattletimes.com/html/nationworld/2010232219_apusforthoodshooting.html; http://articles.latimes.com/2010/oct/21/nation/la-na-fort-hood-20101022; http://thelede.blogs.nytimes.com/2009/11/05/reports-of-mass-shooting-at-fort-hood/; http://www.usatoday.com/news/military/story/2012-08-14/fort-hood-rampage-trial/57050394/1
Columbine High School massacre, Colorado,4/20/99,1999,"Eric Harris, 18, and Dylan Klebold, 17, opened fire throughout Columbine High School before committing suicide.",13,24,37,School,"One semiautomatic handgun (assault), one rifle (assault), two shotguns",No,39.613321,-105.0166498,http://www.nytimes.com/2015/11/28/us/colorado-planned-parenthood-shooting.html and http://www.cnn.com/2015/12/09/us/colorado-planned-parenthood-shooting/ and http://www.npr.org/sections/thetwo-way/2015/11/28/457674369/planned-parenthood-shooting-police-name-suspect-procession-for-fallen-officer and http://www.cbsnews.com/news/robert-lewis-dear-planned-parenthood-first-court-appearance/ and http://www.denverpost.com/news/ci_29729326/judge-wont-release-all-records-accused-planned-parenthood and http://www.csindy.com/IndyBlog/archives/2016/02/17/judge-resists-unsealing-dear-affidavits; http://www.nbcnews.com/news/us-news/who-robert-dear-planned-parenthood-shooting-suspect-seemed-strange-not-n470896
Atlanta day trading spree killings, Georgia,7/29/99,1999,"Day trader Mark O. Barton, 44, who had recently lost a substantial sum of money, went on a shooting spree through two day-trading firms. He started at the All-Tech Investment Group, where he worked, then went on to Momentum Securities. He fled and hours later, after being cornered by police outside a gas station, committed suicide. (Two days before the spree, he killed his wife and two children with a hammer.)",9,13,22,Workplace,"Three semiautomatic handguns, one revolver",Yes,33.7489954,-84.3879824,http://www.startribune.com/local/171774461.html?refer=y
Wedgwood Baptist Church shooting, Texas,9/15/99,1999,"Larry Gene Ashbrook, 47, opened fire inside the Wedgwood Baptist Church during a prayer rally before committing suicide.",8,7,15,Religious,Two semiautomatic handguns,Yes,32.7554883,-97.3307658,http://articles.latimes.com/1993-07-03/news/mn-10731_1_mortgage-business/2; http://www.motherjones.com/print/16316; http://www.vpc.org/studies/wgun930701.htm
Xerox killings, Hawaii,11/2/99,1999,"Byran Koji Uyesugi, 40, a Xerox service technician, opened fire inside the building with a 9mm Glock. He fled and was later apprehended by police.",7,0,7,Workplace,One semiautomatic handgun,Yes,21.3069444,-157.8583333,http://www.jsonline.com/news/milwaukee/friend-of-page-feared-what-he-might-do-426edmg-165668826.html; http://usnews.nbcnews.com/_news/2012/09/10/13785426-officer-arriving-at-sikh-temple-shooting-time-to-use-deadly-force?lite; http://articles.latimes.com/2012/aug/08/nation/la-na-nn-sikh-shooting-guns-20120807; http://www.bbc.co.uk/news/world-us-canada-19183359
Hotel shooting, Florida,12/30/99,1999,"Hotel employee Silvio Leyva, 36, gunned down four coworkers at the Radisson Bay Harbor Inn before killing a woman outside who refused to give him her car. He was arrested shortly after the shootings.",5,3,8,Workplace,"One semiautomatic handgun, one revolver",Yes,27.950575,-82.4571776,http://www.miamiherald.com/2013/07/27/v-print/3526078/a-look-at-the-victims-in-the-hialeah.html  http://www.cbsnews.com/8301-201_162-57595796/pedro-vargas-idd-as-gunman-behind-deadly-rampage-in-hialeah-florida/    http://www.miamiherald.com/2013/07/28/3528362/little-about-pedro-vargas-life.html
Westside Middle School killings, Arkansas,3/24/98,1998,"Mitchell Scott Johnson, 13, and Andrew Douglas Golden, 11, two juveniles, ambushed students and teachers as they left the school; they were apprehended by police at the scene.",5,10,15,School,"Two semiautomatic handguns, two rifles, three revolvers, two derringers",No,35.8422967,-90.704279,https://www.nytimes.com/2018/02/14/us/parkland-school-shooting.html; https://www.nytimes.com/2018/02/15/us/nikolas-cruz-florida-shooting.html
Thurston High School shooting, Oregon,5/21/98,1998,"After he was expelled for having a gun in his locker, Kipland P. Kinkel, 15, a freshman at Thurston High, went on a shooting spree, killing his parents at home and two students at school. Five classmates wrestled Kipland to the ground before he was arrested.   ",4,25,29,School,"Two semiautomatic handguns, one rifle",No,44.0462362,-123.0220289,http://www.nytimes.com/1999/09/20/us/fort-worth-remembers-those-killed-at-church.html?pagewanted=all&src=pm; http://www.nytimes.com/1999/09/18/us/death-in-a-church-the-overview-with-question-of-why-unanswered-fort-worth-mourns.html; http://www.vpc.org/studies/wgun990915.htm
Connecticut Lottery shooting, Connecticut,3/6/98,1998,"Lottery worker Matthew Beck, 35, gunned down four bosses over a salary dispute before committing suicide.",5,1,6,Workplace,One semiautomatic handgun,Yes,41.6972996,-72.7228293,http://www.motherjones.com/politics/2015/06/dylann-roofs-attorney; http://www.newsweek.com/report-nine-shot-charleston-south-carolina-church-shooting-344235; http://www.cnn.com/2015/06/19/us/charleston-church-shooting-suspect/; http://www.motherjones.com/politics/2015/06/9-people-dead-mass-shooting-south-carolina-church; http://www.nbcnews.com/storyline/charleston-church-shooting/fbi-says-dyann-roof-should-not-have-been-sold-gun-n390056 
R.E. Phelon Company shooting, South Carolina,9/15/97,1997,"Ex-con Hastings Arthur Wise, 43, opened fire at the R.E. Phelon Company in retaliation for being fired after an argument with a supervisor. He attempted suicide by ingesting insecticide, failed, and was executed by the state of South Carolina eight years later.",4,3,7,Workplace,One semiautomatic handgun,No,33.5604168,-81.7195533,http://www.nytimes.com/1998/03/07/nyregion/rampage-connecticut-overview-connecticut-lottery-worker-kills-4-bosses-then.html?pagewanted=all&src=pm; http://www.nytimes.com/2000/04/11/us/hole-in-gun-control-law-lets-mentally-ill-through.html?pagewanted=all&src=pm
Caltrans maintenance yard shooting, California,12/18/97,1997,"Former Caltrans employee Arturo Reyes Torres, 41, opened fire at a maintenance yard after he was fired for allegedly selling government materials he'd stolen from work. He was shot dead by police.",5,2,7,Workplace,One rifle (assault),Yes,33.7879139,-117.8531007,http://abc6onyourside.com/news/local/report-of-shooting-in-kirkersville; http://www.cbsnews.com/news/64-guns-seized-from-home-of-killer-in-ohio-nursing-home-shooting/
Fort Lauderdale revenge shooting, Florida,2/9/96,1996,"Fired city park employee Clifton McCree, 41, opened fire on former coworkers he called ""racist devils"" inside their municipal trailer in an act of revenge after failing a drug test. He then committed suicide.",6,1,7,Workplace,"One semiautomatic handgun, one revolver",Yes,26.1224386,-80.1373174,http://www.nytimes.com/2013/09/18/us/state-law-stopped-gunman-from-buying-rifle-officials-say.html; http://edition.cnn.com/2013/09/17/us/navy-yard-shooting-military-contractors; http://www.fbi.gov/washingtondc/press-releases/2013/law-enforcement-shares-findings-of-the-investigation-into-the-washington-navy-yard-shootings/index.html
Walter Rossler Company massacre, Texas,4/3/95,1995,"Disgruntled former metallurgist James Daniel Simpson, 28, opened fire throughout the Walter Rossler Company where he had worked before exiting the building and committing suicide.",6,0,6,Workplace,"One semiautomatic handgun, one revolver",Yes,27.8005828,-97.396381,"http://www.denverpost.com/news/ci_20218952/aurora-chuck-e-cheese-killers-appeal-cites-mental; http://abcnews.go.com/US/auroras-massacre-victims-20-year-wait-justice/story?id=16847013; http://www.5280.com/magazine/2008/12/politics-killing?page=0,6 "
Air Force base shooting, Washington,6/20/94,1994,"Former airman Dean Allen Mellberg, 20, opened fire inside a hospital at the Fairchild Air Force Base before he was shot dead by a military police officer outside.",5,23,28,Military,One rifle (assault),Yes,47.6182629,-117.6438555,"http://articles.latimes.com/1988-02-18/news/mn-43514_1_mr-farley-richard-farley-sunnyvale-public-safety-department; http://news.google.com/newspapers?id=uqxAAAAAIBAJ&sjid=sDIHAAAAIBAJ&pg=2425,5898911&dq=richard+farley+shooting&hl=en; http://news.google.com/newspapers?id=FmYzAAAAIBAJ&sjid=WzIHAAAAIBAJ&pg=7028,576811&dq=richard+farley+shooting&hl=en"
101 California Street shootings, California,7/1/93,1993,"Failed businessman Gian Luigi Ferri, 55, opened fire throughout an office building before he committed suicide inside as police pursued him.",9,6,15,Other,Three semiautomatic handguns (two assault),No,37.7749295,-122.4194155,http://www.baltimoresun.com/news/maryland/harford/aegis/ph-ag-edgewood-shooting-20171018-story.html; http://www.cnn.com/2017/10/18/us/maryland-harford-county-shooting/index.html
Chuck E. Cheese's killings, Colorado,12/14/93,1993,"Nathan Dunlap, 19, a recently fired Chuck E. Cheese's employee, went on a rampage through his former workplace and was arrested the following day. He now awaits execution on death row.",4,1,5,Workplace,One semiautomatic handgun,Unknown,39.7294319,-104.8319195,http://www.motherjones.com/mojo/2015/11/open-carry-mass-shooting-colorado-springs and http://www.denverpost.com/news/ci_29059452/colorado-springs-police-confronted-shot-gunman-minutes and http://www.cbsnews.com/news/shooter-in-colorado-springs-rampage-legally-purchased-guns/
Long Island Rail Road massacre, New York,12/7/93,1993,"Colin Ferguson, 35, opened fire on an eastbound Long Island Rail Road train as it approached a Garden City station. He was later arrested.",6,19,25,Other,One semiautomatic handgun,Yes,40.7267682,-73.6342954,"http://news.google.com/newspapers?id=c4dIAAAAIBAJ&sjid=_XEDAAAAIBAJ&pg=5163,1527281&dq=jeffrey+weise+mental+ill&hl=en; http://www.cbsnews.com/stories/2005/03/24/national/main682915.shtml?source=search_story; http://www.usnews.com/usnews/news/articles/050404/4redlake.htm; http://www.foxnews.com/story/0,2933,151116,00.html"
Luigi's shooting, North Carolina,8/6/93,1993,"Army Sgt. Kenneth Junior French, 22, opened fire inside Luigi's Italian restaurant while ranting about gays in the military before he was shot and arrested by police.",4,8,12,Other,"One rifle, two shotguns",Yes,35.0526641,-78.8783585,http://usatoday30.usatoday.com/news/nation/2003-07-08-miss-shooting-main_x.htm; http://www.nytimes.com/2003/07/09/us/man-kills-5-co-workers-at-plant-and-himself.html; http://www.nytimes.com/2003/07/16/us/national-briefing-south-mississippi-death-toll-rises-in-plant-shooting.html
Watkins Glen killings, New York,10/15/92,1992,"John T. Miller, 50, killed four child-support workers in a county office building before turning the gun on himself.  Miller was upset about a court order garnishing his paycheck to cover overdue child-support payments.",5,0,5,Other,One semiautomatic handgun,Yes,42.3806287,-76.8732921,"http://www.cbsnews.com/2100-201_162-679761.html; http://www.foxnews.com/story/0,2933,150255,00.html; http://www.msnbc.msn.com/id/7167861/ns/us_news-crime_and_courts/t/relatives-struggle-answers-after-shooting/#.UN3Scko6JT4"
Lindhurst High School shooting, California,5/1/92,1992,"Former Lindhurst High School student Eric Houston, 20, angry about various personal failings, killed three students and a teacher at the school before surrendering to police after an eight-hour standoff. He was later sentenced to death.",4,10,14,School,"One rifle, one shotgun",Yes,39.0954484,-121.5521858,http://www.nytimes.com/2016/09/25/us/mall-shooting-washington-state.html
Luby's massacre, Texas,10/16/91,1991,"George Hennard, 35, drove his pickup truck into a Luby's cafeteria and opened fire before committing suicide.",24,20,44,Other,Two semiautomatic handguns,Yes,31.1171194,-97.7277959,"http://articles.latimes.com/1993-08-08/news/mn-21847_1_kills-army-french; http://news.google.com/newspapers?id=0AhPAAAAIBAJ&sjid=jhUEAAAAIBAJ&pg=6505,2482529&dq=kenneth+junior+french&hl=en"
University of Iowa shooting, Iowa,11/1/91,1991,"Former graduate student Gang Lu, 28, went on a rampage on campus and then committed suicide at the scene.",6,1,7,School,One revolver,Yes,41.6611277,-91.5301683,http://www.huffingtonpost.com/2011/11/03/eduardo-sencion-ihop-shooter_n_1073677.html; http://www.lasvegassun.com/news/2011/sep/06/report-seven-shot-inside-carson-city-ihop/; http://www.lasvegassun.com/news/2011/oct/23/nv-gun-laws-rampage-2nd-ld-writethru/
Royal Oak postal shootings, Michigan,11/14/91,1991,"Laid-off postal worker Thomas McIlvane, 31, opened fire at his former workplace before committing suicide.",5,5,10,Workplace,One rifle,Yes,42.4894801,-83.1446485,http://www.stltoday.com/news/local/crime-and-courts/charles-lee-cookie-thornton-behind-the-smile/article_be96f13c-78b9-11df-bfdc-0017a4a78c22.html; http://www.nytimes.com/2008/02/08/us/08missouri.html; http://nl.newsbank.com/nl-search/we/Archives?p_product=SL&p_theme=sl&p_action=search&p_maxdocs=200&p_topdoc=1&p_text_direct-0=11F1CADA291472F0&p_field_direct-0=document_id&p_perpage=10&p_sort=YMD_date:D&s_trackval=GooglePM
GMAC massacre, Florida,6/18/90,1990,"James Edward Pough, 42, opened fire at a General Motors Acceptance Corporation office before committing suicide. (The day prior, Pough killed a pimp and prostitute and injured two others. Those victims are not included in the mass murder count.)",10,4,14,Other,"One rifle, one revolver",Yes,30.3321838,-81.655651,https://www.nyspnews.com/article_display.cfm?article_id=29584
Standard Gravure shooting, Kentucky,9/14/89,1989,"Joseph T. Wesbecker, 47, gunned down eight people at his former workplace before committing suicide.",9,12,21,Workplace,"Three semiautomatic handguns (two assault), one rifle (assault), one revolver",Yes,38.2526647,-85.7584557,http://www.cbsnews.com/8301-504083_162-20012557-504083.html; http://www.msnbc.msn.com/id/38535909/ns/us_news-crime_and_courts/t/dead-shooting-conn-beer-distributor/#.UFGJAqRrND4; http://www.foxnews.com/us/2010/08/03/dead-wounded-conn-workplace-shooting/
Stockton schoolyard shooting, California,1/17/89,1989,"Patrick Purdy, 26, an alcoholic with a police record, launched an assault at Cleveland Elementary School, where many young Southeast Asian immigrants were enrolled. Purdy killed himself with a shot to the head.",6,29,35,School,"One semiautomatic handgun, one rifle (assault)",Yes,37.9577016,-121.2907796,http://www.nytimes.com/2016/02/26/us/shooting-at-plant-hesston-kansas.html; https://www.washingtonpost.com/news/morning-mix/wp/2016/02/26/alcoholic-violent-depressed-portrait-of-kansas-shooter-emerges/; https://www.washingtonpost.com/news/post-nation/wp/2016/02/26/kansas-gunman-served-protection-from-abuse-order-shortly-before-shootings-sheriff-says/; http://heavy.com/news/2016/02/cedric-ford-hesston-kansas-shooting-shooter-facebook-video-firing-rifle-gun-field-ak47-ak-47-long-gun-photos-watch-youtube/; http://fox4kc.com/2016/02/26/kansas-woman-charged-with-providing-guns-to-hesston-shooter/
ESL shooting, California,2/16/88,1988,"Former ESL Incorporated employee Richard Farley, 39, gunned down seven people at his former workplace, after stalking and harassing a coworker he was romantically interested in. He was later arrested and now sits on death row at San Quentin.",7,4,11,Workplace,"Two semiautomatic handguns, one rifle, two revolvers, two shotguns",Yes,37.36883,-122.0363496,http://www.nytimes.com/2016/07/11/us/dallas-shooting-micah-johnson-police.html?_r=0; http://www.wsj.com/articles/dallas-shooter-purchased-guns-legally-official-says-1468269720
Shopping centers spree killings, Florida,4/23/87,1987,"Retired librarian William Cruse, 59, was paranoid neighbors gossiped that he was gay. He drove to a Publix supermarket, killing two Florida Tech students en route before opening fire outside and killing a woman. He then drove to a Winn-Dixie supermarket and killed three more, including two police officers. Cruse was arrested after taking a hostage and died on death row in 2009.",6,14,20,Other,"One rifle, one revolver, one shotgun",Yes,28.0344621,-80.5886646,http://usnews.nbcnews.com/_news/2012/05/30/11959312-six-killed-in-seattle-shootings-including-suspect?lite; http://www.cbsnews.com/8301-201_162-57445177/seattle-shooting-hero-hurled-stools-at-gunman-ian-stawicki-saved-three-lives/?pageNum=2&tag=contentMain;contentBody; http://content.usatoday.com/communities/ondeadline/post/2012/05/seattle-killer-had-concealed-carry-permit-owned-6-guns/1#.UFI9shhgspQ
United States Postal Service shooting, Oklahoma,8/20/86,1986,"Postal worker Patrick Sherrill, 44, opened fire at a post office before committing suicide.",15,6,21,Workplace,Three semiautomatic handguns,Yes,35.6528323,-97.4780954,http://archives.starbulletin.com/2000/06/02/news/story2.html; http://www.vpc.org/studies/wgun991102.htm
Dallas nightclub shooting, Texas,6/29/84,1984,"Abdelkrim Belachheb, 39, opened fire at an upscale nightclub after a woman rejected his advances. He was later arrested.",6,1,7,Other,One semiautomatic handgun,No,32.8286951,-96.8716929,http://www.nytimes.com/1993/12/12/nyregion/tormented-life-special-report-long-slide-privilege-ends-slaughter-train.html; http://www.vpc.org/studies/wgun931207.htm
San Ysidro McDonald's massacre, California,7/18/84,1984,"James Oliver Huberty, 41, opened fire in a McDonald's restaurant before he was shot dead by a police officer.",22,19,41,Other,"One semiautomatic handgun, one rifle (assault), one shotgun",Yes,32.555556,-117.0470434,http://time.com/4411027/baton-rouge-shooter-gavin-long/ ; http://www.nytimes.com/2016/07/18/us/baton-rouge-shooting.html; http://www.kansascity.com/news/local/article90266242.html; http://www.nola.com/crime/index.ssf/2016/07/gavin_long_guns_baton_rouge_po.html; http://www.motherjones.com/politics/2016/07/copycat-mass-shooters-rising-baton-rouge-munich
Welding shop shooting, Florida,8/20/82,1982,"Junior high school teacher Carl Robert Brown, 51, opened fire inside a welding shop and was later shot dead by a witness as he fled the scene.",8,3,11,Other,One shotgun,Yes,25.7616798,-80.1917902,http://blog.sfgate.com/eguillermo/2012/04/05/something-still-doesnt-compute-in-the-one-goh-nightmare/; http://www.mercurynews.com/top-stories/ci_20308252/police-respond-shooting-east-oakland; http://www.cbsnews.com/8301-504083_162-57408732-504083/gun-used-in-oikos-university-shooting-rampage-was-bought-legally-police-say/; http://berkeley.patch.com/articles/one-l-goh-showed-violent-tendencies-before-the-oikos-university-shooting-oikos-university-shooting